Subject_ID,MIAA,GAD65,IA2IC,ICA,ZNT8,8-12,13-17,>18,Sex,C_Peptide_AUC_4Hrs,log_auc
SUB228876,0.0,551.0,2.0,0.0,0.015,False,False,0,0,0.845705,-0.16758467994940635
SUB228877,0.001,16.0,363.0,0.0,0.529,True,False,0,0,0.934405957,-0.06784429171445498
SUB228878,0.049,0.0,350.0,0.0,0.15,False,True,0,0,0.624090156,-0.4714604402798198
SUB228879,0.21,83.0,2.0,0.0,0.001,False,True,0,1,0.562027656,-0.5762042203348037
SUB228880,0.003,570.0,301.0,0.0,1.142,False,False,0,0,1.520736387,0.41919468267442067
SUB228881,0.012,57.0,281.0,0.0,0.083,False,False,0,0,0.118849688,-2.129895710337142
SUB228882,0.017,74.0,283.0,0.0,-0.01,True,False,0,1,0.980480167,-0.0197128609852956
SUB228883,0.007,661.0,3.0,0.0,0.173,False,False,0,1,0.610295158,-0.49381257326620825
