Subject_ID,MIAA,GAD65,IA2IC,ICA,ZNT8,8-12,13-17,>18,Sex,C_Peptide_AUC_4Hrs,log_auc
SUB151313,0.21,0.33,0.54,0.0,0.0,False,False,0,0,0.7344,-0.3087014396758563
SUB151314,0.04,0.03,1.13,0.0,0.0,True,False,0,0,0.6979,-0.35967945295903114
SUB151315,0.01,0.81,0.0,0.0,0.0,False,False,0,1,1.2865,0.25192535273966177
SUB151316,0.2,0.94,0.02,0.0,0.0,True,False,0,1,0.1521,-1.88321707971689
SUB151317,0.7,0.39,1.06,0.0,0.0,True,False,0,0,0.4854,-0.722781985689636
