feature,SDY524,SDY569,SDY797,SDY1737,median
MIAA,0.2279642098765868,0.2906826278254883,0.2172925880680978,0.1614635409573301,0.2226283989723423
GAD65,0.2101288726185431,0.1547988272721063,0.0764527761850394,0.3633437373520021,0.18246384994532472
IA2IC,0.2190351849740005,0.1340581203528961,0.185258573842582,0.1311726068795521,0.15965834709773905
ZNT8,0.1489856924399036,0.0,0.1469833299274324,0.2115219621765008,0.147984511183668
8-12,0.0990445692983988,0.313982926285454,0.0,0.0292141534408614,0.0641293613696301
Sex,0.0650840656415594,0.0242574834366634,0.2118570424282701,0.0163816358029507,0.0446707745391114
>18,0.0039374950890274,0.0822200148273917,0.0,0.0480319236336369,0.02598470936133215
13-17,0.0258199100619799,0.0,0.0,0.0388704397571657,0.01290995503098995
ICA,0.0,0.0,0.1621556895485781,0.0,0.0
