feature,coefficient,n_subjects,study,panel,alpha
__intercept__,-0.8329755913437706,16,SDY1737,A,1.0
MIAA,0.36759992492243704,16,SDY1737,A,1.0
GAD65,0.5900549518206696,16,SDY1737,A,1.0
IA2IC,0.045934484404888246,16,SDY1737,A,1.0
ICA,0.0,16,SDY1737,A,1.0
ZNT8,0.4361027520302901,16,SDY1737,A,1.0
8-12,0.12321734504431611,16,SDY1737,A,1.0
13-17,0.0815683502662776,16,SDY1737,A,1.0
>18,-0.20478569531059337,16,SDY1737,A,1.0
Sex,0.20575374222558984,16,SDY1737,A,1.0
