feature,importance,n_subjects,study,panel
MIAA,0.1614635409573301,16,SDY1737,A
GAD65,0.3633437373520021,16,SDY1737,A
IA2IC,0.13117260687955215,16,SDY1737,A
ICA,0.0,16,SDY1737,A
ZNT8,0.21152196217650082,16,SDY1737,A
8-12,0.029214153440861437,16,SDY1737,A
13-17,0.03887043975716579,16,SDY1737,A
>18,0.048031923633636946,16,SDY1737,A
Sex,0.016381635802950736,16,SDY1737,A
