feature,importance,n_subjects,study,panel
Sex,0.0,10,SDY569,B
age_years,0.08980740080204264,10,SDY569,B
disease_duration_years,0.0,10,SDY569,B
bmi,0.15998957748136164,10,SDY569,B
height_cm,0.2699087845010882,10,SDY569,B
weight_kg,0.3119710222172501,10,SDY569,B
GAD65,0.10147759291566366,10,SDY569,B
IA2IC,0.020403147950484594,10,SDY569,B
MIAA,0.04644247413210939,10,SDY569,B
ZNT8,0.0,10,SDY569,B
ICA,0.0,10,SDY569,B
received_active_treatment,0.0,10,SDY569,B
