feature,importance,n_subjects,study,panel
MIAA,0.29068262782548837,10,SDY569,A
GAD65,0.15479882727210637,10,SDY569,A
IA2IC,0.13405812035289613,10,SDY569,A
ICA,0.0,10,SDY569,A
ZNT8,0.0,10,SDY569,A
8-12,0.313982926285454,10,SDY569,A
13-17,0.0,10,SDY569,A
>18,0.0822200148273917,10,SDY569,A
Sex,0.024257483436663455,10,SDY569,A
