feature,coefficient,n_subjects,study,panel,alpha
__intercept__,-0.5027990902332646,75,SDY524,A,1.0
MIAA,0.12140990924436497,75,SDY524,A,1.0
GAD65,-0.27877581406446383,75,SDY524,A,1.0
IA2IC,-0.11893547355566914,75,SDY524,A,1.0
ICA,0.0,75,SDY524,A,1.0
ZNT8,0.17399025550441294,75,SDY524,A,1.0
8-12,-0.19089323421397045,75,SDY524,A,1.0
13-17,0.061293556482605954,75,SDY524,A,1.0
>18,0.12959967773136188,75,SDY524,A,1.0
Sex,0.14271322290254507,75,SDY524,A,1.0
