feature,importance,n_subjects,study,panel
MIAA,0.22796420987658686,75,SDY524,A
GAD65,0.21012887261854318,75,SDY524,A
IA2IC,0.21903518497400054,75,SDY524,A
ICA,0.0,75,SDY524,A
ZNT8,0.14898569243990367,75,SDY524,A
8-12,0.09904456929839886,75,SDY524,A
13-17,0.02581991006197993,75,SDY524,A
>18,0.003937495089027405,75,SDY524,A
Sex,0.06508406564155947,75,SDY524,A
