feature,coefficient,n_subjects,study,panel,alpha
__intercept__,-0.3307412341324705,10,SDY569,A,1.0
MIAA,-0.379279588768195,10,SDY569,A,1.0
GAD65,-0.12163497146472507,10,SDY569,A,1.0
IA2IC,0.11668880633762657,10,SDY569,A,1.0
ICA,0.0,10,SDY569,A,1.0
ZNT8,0.0,10,SDY569,A,1.0
8-12,-0.5684620808587729,10,SDY569,A,1.0
13-17,0.3249108274412581,10,SDY569,A,1.0
>18,0.2435512534175149,10,SDY569,A,1.0
Sex,-0.0823014565750456,10,SDY569,A,1.0
