feature,importance,n_subjects,study,panel
MIAA,0.21729258806809781,49,SDY797,A
GAD65,0.07645277618503943,49,SDY797,A
IA2IC,0.185258573842582,49,SDY797,A
ICA,0.16215568954857817,49,SDY797,A
ZNT8,0.14698332992743246,49,SDY797,A
8-12,0.0,49,SDY797,A
13-17,0.0,49,SDY797,A
>18,0.0,49,SDY797,A
Sex,0.2118570424282701,49,SDY797,A
