feature,coefficient,n_subjects,study,panel,alpha
__intercept__,-0.619389466751249,49,SDY797,A,1.0
MIAA,0.08618763748173847,49,SDY797,A,1.0
GAD65,0.0039043225900022337,49,SDY797,A,1.0
IA2IC,0.33745997508562225,49,SDY797,A,1.0
ICA,-0.2934785263256906,49,SDY797,A,1.0
ZNT8,0.09575550206226158,49,SDY797,A,1.0
8-12,0.0,49,SDY797,A,1.0
13-17,0.0,49,SDY797,A,1.0
>18,0.0,49,SDY797,A,1.0
Sex,0.31859316747858935,49,SDY797,A,1.0
