R2,Cohen_f2,achieved_power
0.05,0.052631578947368425,0.43459445146612496
0.1,0.11111111111111112,0.8150305638151295
0.15,0.17647058823529413,0.9665731543239565
0.2,0.25,0.9967192432774753
0.3,0.4285714285714286,0.9999960996765818
0.5,1.0,1.0
