feature,median_beta,iqr_low,iqr_high,n_studies_selecting,consistently_selected
MIAA,0.0,0.0,0.013245013205813306,1,False
GAD65,0.0,-0.0694115647330427,0.0,1,False
IA2IC,0.0,-0.025016238852130918,0.04277963587694031,2,False
ICA,0.0,-0.02869114273908591,0.0,1,False
ZNT8,0.0,0.0,0.034585865831886234,1,False
8-12,-0.12864372769359866,-0.3657018261879036,0.0,2,False
13-17,0.0,0.0,0.0,0,False
>18,0.0,0.0,0.008390225777966403,1,False
Sex,0.06701965787312424,0.0,0.1345898505430217,2,False
