Study,N,MSE_federated
SDY524,75,0.28049503377921153
SDY569,10,0.4356365761195725
SDY797,49,0.20596938202785062
SDY1737,16,0.39495051769105105
