panel,model_A,model_B,MSE_A_mean,MSE_B_mean,delta_MSE,wilcoxon_W,p_one_sided,cohens_d
A,OLS,Ridge,0.22393625272489323,0.22393220246526413,4.050259629101438e-06,15.0,0.03125,1.3402670397457204
A,OLS,CNN,0.22393625272489323,0.29860748354675487,-0.07467123082186164,0.0,1.0,-1.4525490540796346
A,OLS,AE+CNN,0.22393625272489323,0.23238015252514774,-0.008443899800254506,5.0,0.78125,-0.3655656707159196
A,Ridge,OLS,0.22393220246526413,0.22393625272489323,-4.050259629101438e-06,0.0,1.0,-1.3402670397457204
A,Ridge,CNN,0.22393220246526413,0.29860748354675487,-0.07467528108149074,0.0,1.0,-1.4526276436391425
A,Ridge,AE+CNN,0.22393220246526413,0.23238015252514774,-0.008447950059883608,5.0,0.78125,-0.3657584816675753
